K17_V003, 11214, "KHU DU LỊCH QUỐC GIA Mộc Châu"
K17_V003, 11211, "KHU DU LỊCH QUỐC GIA Mộc Châu"
K17_V003, 11224, "KHU DU LỊCH QUỐC GIA Mộc Châu"
K17_V003, 11194, "KHU DU LỊCH QUỐC GIA Mộc Châu"
K17_V003, 11234, "KHU DU LỊCH QUỐC GIA Mộc Châu"
K17_V003, 11184, "KHU DU LỊCH QUỐC GIA Mộc Châu"
K17_V003, 11244, "KHU DU LỊCH QUỐC GIA Mộc Châu"
K17_V003, 11174, "KHU DU LỊCH QUỐC GIA Mộc Châu"
K17_V003, 11254, "KHU DU LỊCH QUỐC GIA Mộc Châu"
K17_V003, 11164, "KHU DU LỊCH QUỐC GIA Mộc Châu"
K17_V003, 11264, "KHU DU LỊCH QUỐC GIA Mộc Châu"